list,order,insPage
1,1,instruction_0.html
2,1,instruction_0.html
3,1,instruction_0.html
4,1,instruction_0.html
5,1,instruction_0.html
6,1,instruction_0.html
7,1,instruction_0.html
8,1,instruction_0.html
1,2,instruction_1.html
2,2,instruction_1.html
3,2,instruction_1.html
4,2,instruction_1.html
5,2,instruction_1.html
6,2,instruction_1.html
7,2,instruction_1.html
8,2,instruction_1.html
1,3,instruction_2.html
2,3,instruction_2.html
3,3,instruction_2.html
4,3,instruction_2.html
5,3,instruction_2.html
6,3,instruction_2.html
7,3,instruction_2.html
8,3,instruction_2.html
1,4,instruction_3.html
2,4,instruction_3.html
3,4,instruction_3.html
4,4,instruction_3.html
5,4,instruction_3.html
6,4,instruction_3.html
7,4,instruction_3.html
8,4,instruction_3.html
